{"cameraMode":{"drawMode":0,"name":"Shaded","section":"Shading Mode"},"sceneLighting":false,"audioPlay":false,"sceneViewState":{"showFog":true,"showMaterialUpdate":true,"showSkybox":false,"showFlares":true,"showImageEffects":true,"showParticleSystems":true},"in2DMode":false,"pivot":{"x":-3.9089977741241457,"y":4.210647106170654,"z":-35.5147819519043},"rotation":{"x":-0.19075587391853333,"y":0.7909849882125855,"z":-0.30480247735977175,"w":-0.4950256049633026},"size":7.07835578918457,"orthographic":false}